{
  "$schema": "https://schema.management.azure.com/schemas/2018-05-01/subscriptionDeploymentTemplate.json#",
  "contentVersion": "1.0.0.0",
  "parameters": {
    "resourceGroupName": {
      "type": "string",
      "defaultValue": "CustomerAPI_RG",
      "metadata": {
        "_parameterType": "resourceGroup",
        "description": "Nome do grupo de recursos do recurso. É recomendável colocar os recursos no mesmo grupo de recursos para melhor acompanhamento."
      }
    },
    "resourceGroupLocation": {
      "type": "string",
      "defaultValue": "brazilsouth",
      "metadata": {
        "_parameterType": "location",
        "description": "Local do grupo de recursos. Os grupos de recursos podem ter um local diferente do local dos recursos."
      }
    },
    "resourceLocation": {
      "type": "string",
      "defaultValue": "[parameters('resourceGroupLocation')]",
      "metadata": {
        "_parameterType": "location",
        "description": "Local do recurso. Por padrão, use o local do grupo de recursos, a menos que não haja suporte para o provedor de recursos."
      }
    }
  },
  "resources": [
    {
      "type": "Microsoft.Resources/resourceGroups",
      "name": "[parameters('resourceGroupName')]",
      "location": "[parameters('resourceGroupLocation')]",
      "apiVersion": "2019-10-01"
    },
    {
      "type": "Microsoft.Resources/deployments",
      "name": "[concat(parameters('resourceGroupName'), 'Deployment', uniqueString(concat('customermanagement', subscription().subscriptionId)))]",
      "resourceGroup": "[parameters('resourceGroupName')]",
      "apiVersion": "2019-10-01",
      "dependsOn": [
        "[parameters('resourceGroupName')]"
      ],
      "properties": {
        "mode": "Incremental",
        "template": {
          "$schema": "https://schema.management.azure.com/schemas/2019-04-01/deploymentTemplate.json#",
          "contentVersion": "1.0.0.0",
          "resources": [
            {
              "name": "customermanagement",
              "type": "Microsoft.KeyVault/vaults",
              "location": "[parameters('resourceLocation')]",
              "properties": {
                "sku": {
                  "family": "A",
                  "name": "Standard"
                },
                "tenantId": "a63b62b1-4494-4493-8e26-f7320d2005d3",
                "accessPolicies": [],
                "enabledForDeployment": false,
                "enabledForDiskEncryption": false,
                "enabledForTemplateDeployment": false,
                "enableSoftDelete": true,
                "softDeleteRetentionInDays": 90,
                "enableRbacAuthorization": false
              },
              "apiVersion": "2016-10-01"
            }
          ]
        }
      }
    }
  ],
  "metadata": {
    "_dependencyType": "secrets.keyVault"
  }
}