{
  "dependencies": {
    "secrets1": {
      "resourceId": "/subscriptions/[parameters('subscriptionId')]/resourceGroups/[parameters('resourceGroupName')]/providers/Microsoft.KeyVault/vaults/customermanagement",
      "type": "secrets.keyVault",
      "connectionId": "VaultUri",
      "secretStore": "AzureAppSettings"
    },
    "mssql1": {
      "resourceId": "/subscriptions/[parameters('subscriptionId')]/resourceGroups/[parameters('resourceGroupName')]/providers/Microsoft.Sql/servers/mssqlcustomers/databases/DBCustomers",
      "type": "mssql.azure",
      "connectionId": "CustomerManagement",
      "secretStore": "AzureKeyVault"
    }
  }
}